{
  "scaler": {
    "means": [
      7.071857452392578,
      1392.0194091796875,
      2.011803388595581,
      1.5967103242874146,
      30422036480.0,
      5.788553237915039,
      31289.67578125,
      11364.3544921875,
      54.77912902832031,
      465.2416076660156
    ],
    "stds": [
      3.96592378616333,
      210.65489196777344,
      1.118595004081726,
      0.8562276363372803,
      1892368384.0,
      3.246384620666504,
      2672.185302734375,
      2534.447265625,
      1.3300199508666992,
      33.07628631591797
    ]
  },
  "weights": [
    -1.8229425746696393e-9,
    -1.3003105259201675e-8,
    1.085910916742705e-9,
    1.3515461638746729e-8,
    -0.013752926141023636,
    0.08625955134630203,
    0.040518827736377716,
    0.1938837319612503,
    0.19451992213726044,
    0.28259602189064026
  ]
}